{
  "KS": {
    "train": 0.4382,
    "test": 0.4293
  },
  "AUC": {
    "train": 0.786,
    "test": 0.7776
  },
  "Gini": {
    "train": 0.5719,
    "test": 0.5553
  },
  "Accuracy": {
    "train": 0.9488986262434865,
    "test": 0.9489016519628161
  },
  "Recall": {
    "train": 0.0,
    "test": 0.0
  },
  "Precision": {
    "train": 0.0,
    "test": 0.0
  }
}